Exercise Name,Muscles Impacted,Sets and Reps,Difficulty Level
Plank with Shoulder Taps,"Core, Shoulders",3-4 sets of 10-12 reps,Intermediate
Russian Twists,"Core, Obliques",3-4 sets of 12-15 reps,Intermediate
Superman,"Glutes, back",3-4 sets of 8-10 reps,Intermediate
Bird Dog,"Core, back",3-4 sets of 10-12 reps,Intermediate
Side Plank with Hip Dips,"Core, Obliques",3-4 sets of 10-12 reps,Intermediate
Renegade Rows,"Core, Shoulders, back",3-4 sets of 8-10 reps (each arm),Intermediate
Plank Ups,"Core, Shoulders",3-4 sets of 8-10 reps,Intermediate
Bicycle Crunches,"Core, Obliques",3-4 sets of 12-15 reps,Intermediate
Reverse Plank,"Core, Glutes, Shoulders",3-4 sets of 30-60 seconds,Intermediate
Seated Dumbbell Shoulder Press,Shoulders,3-4 sets of 8-12 reps,Intermediate
Standing Hip Flexor Stretch,Hip Flexors,2-3 sets of 30 seconds each,Easy
Supine Hip Flexor Stretch,Hip Flexors,2-3 sets of 30 seconds each,Easy
Seated Leg Raises,"Hip Flexors, Lower Abdominals",3 sets of 12-15 reps,Easy
Standing Knee Raises,"Hip Flexors, Quadriceps",3 sets of 12-15 reps,Easy
Leg Swings,"Hamstrings, Hip Flexors",2-3 sets of 10 swings,Easy
Mountain Climbers,"Core, Hip Flexors",3-4 sets of 10-15 reps,Intermediate
Lunge with Knee Lift,"Core, Hip Flexors, Quadriceps",3 sets of 10-12 reps,Intermediate
Bicycle Crunches,"Abdominals, Hip Flexors, Obliques",3 sets of 12-15 reps,Intermediate
Hanging Leg Raises,"Abdominals, Hip Flexors, Obliques",3 sets of 10-12 reps,Intermediate
Pigeon Pose,"Glutes, Hip Flexors",Hold for 30-60 seconds,Easy
Push-Ups,"Chest, Core, Shoulders, Triceps",3-4 sets of 10-15 reps,Beginner
Squats,"Core, Glutes, Hamstrings, Quadriceps",3-4 sets of 10-15 reps,Beginner
Lunges,"Core, Glutes, Hamstrings, Quadriceps",3-4 sets of 10-12 reps,Beginner
Plank,"Core, Shoulders, back",3 sets of 30-60 seconds,Beginner
Mountain Climbers,"Core, Legs, Shoulders",3-4 sets of 10-15 reps,Intermediate
Pull-Ups,"Biceps, Shoulders, back",3-4 sets of 6-10 reps,Intermediate
Dips,"Chest, Shoulders, Triceps",3-4 sets of 8-12 reps,Intermediate
Hanging Leg Raises,"Core, Hip Flexors",3 sets of 10-12 reps,Intermediate
Pistol Squats,"Core, Glutes, Hamstrings, Quadriceps",3-4 sets of 6-8 reps,Advanced
Handstand Push-Ups,"Core, Shoulders, Triceps",3-4 sets of 6-8 reps,Advanced
Box Jumps,"Calves, Glutes, Quadriceps",3-4 sets of 8-10 reps,Intermediate
Jump Squats,"Calves, Glutes, Quadriceps",3-4 sets of 10-15 reps,Intermediate
Depth Jumps,"Calves, Glutes, Quadriceps",3-4 sets of 6-8 reps,Difficult
Burpees,Full body,3-4 sets of 10-15 reps,Intermediate
Tuck Jumps,"Calves, Core, Glutes, Quadriceps",3-4 sets of 8-10 reps,Difficult
Plyometric Push-Ups,"Chest, Core, Shoulders, Triceps",3-4 sets of 10-15 reps,Intermediate
Skater Jumps,"Calves, Glutes, Hamstrings, Quadriceps",3-4 sets of 10-15 reps,Intermediate
Lateral Bounds,"Calves, Glutes, Hamstrings, Quadriceps",3-4 sets of 8-10 reps,Difficult
Clapping Push-Ups,"Chest, Core, Shoulders, Triceps",3-4 sets of 6-8 reps,Difficult
Split Squat Jumps,"Calves, Core, Glutes, Quadriceps",3-4 sets of 10-12 reps,Intermediate
Running,"Core, Leg muscles",30-60 minutes,Moderate
Cycling,"Core, Leg muscles",30-60 minutes,Moderate
Jumping Rope,Full body,3 sets of 1-2 minutes,Intermediate
High-Intensity Interval Training (HIIT),Full body,20-30 minutes (intervals),Difficult
Stair Climbing,"Core, Glutes, Leg muscles",20-30 minutes,Intermediate
Swimming,Full body,30-60 minutes,Moderate
Rowing,"Core, Leg muscles, arms, back",20-30 minutes,Intermediate
Kickboxing,Full body,3-4 sets of 2-3 minutes (rounds),Difficult
Barbell Bicep Curls,Biceps,3-4 sets of 8-12 reps,Intermediate
Dumbbell Hammer Curls,"Biceps, Brachialis",3-4 sets of 10-12 reps,Intermediate
Concentration Curls,Biceps,3-4 sets of 10-15 reps,Beginner
Preacher Curls,Biceps,3-4 sets of 8-12 reps,Intermediate
Cable Tricep Pushdowns,Triceps,3-4 sets of 10-15 reps,Beginner
Tricep Dips,Triceps,3-4 sets of 8-12 reps,Intermediate
Skull Crushers,Triceps,3-4 sets of 8-12 reps,Intermediate
Close Grip Bench Press,Triceps,3-4 sets of 8-12 reps,Intermediate
Dumbbell Tricep Kickbacks,Triceps,3-4 sets of 10-12 reps,Beginner
Cable Bicep Curls,Biceps,3-4 sets of 10-15 reps,Beginner
Crunches,"Obliques, Rectus abdominis",3 sets of 15-20 reps,Easy
Plank,"Rectus abdominis, Transverse abdominis",3 sets of 30-60 seconds,Easy
Russian Twists,"Obliques, Rectus abdominis",3 sets of 12-15 reps,Moderate
Bicycle Crunches,"Obliques, Rectus abdominis",3 sets of 12-15 reps,Moderate
Hanging Leg Raises,"Hip Flexors, Obliques, Rectus abdominis",3 sets of 10-12 reps,Moderate
Dragon Flags,"Obliques, Rectus abdominis",3 sets of 6-8 reps,Difficult
Plank with Knee Tucks,"Hip Flexors, Obliques, Rectus abdominis",3 sets of 10-12 reps,Difficult
L-Sit,"Hip Flexors, Rectus abdominis",3 sets of 10-15 seconds,Difficult
V-Ups,"Hip Flexors, Rectus abdominis",3 sets of 10-12 reps,Difficult
Hanging Windshield Wipers,"Obliques, Rectus abdominis",3 sets of 8-10 reps,Difficult
Pull-Ups,"Biceps, Latissimus Dorsi, Rhomboids",3-4 sets of 8-12 reps,Intermediate
Bent-Over Rows,"Biceps, Latissimus Dorsi, Rhomboids",3-4 sets of 8-12 reps,Intermediate
Deadlifts,"Erector Spinae, Latissimus Dorsi, Trapezius",3-4 sets of 6-8 reps,Advanced
Lat Pulldowns,"Biceps, Latissimus Dorsi, Rhomboids",3-4 sets of 10-15 reps,Beginner
T-Bar Rows,"Biceps, Latissimus Dorsi, Rhomboids",3-4 sets of 8-12 reps,Intermediate
Seated Cable Rows,"Biceps, Latissimus Dorsi, Rhomboids",3-4 sets of 10-12 reps,Intermediate
Single-Arm Dumbbell Rows,"Biceps, Latissimus Dorsi, Rhomboids",3-4 sets of 8-12 reps,Intermediate
Back Extensions,"Erector Spinae, Glutes",3-4 sets of 10-15 reps,Beginner
Reverse Flyes,"Rear Deltoids, Rhomboids",3-4 sets of 10-15 reps,Beginner
Hyperextensions,Erector Spinae,3-4 sets of 10-15 reps,Beginner
Dumbbell Shoulder Press,"Deltoids (Anterior, Lateral, Posterior)",3-4 sets of 8-12 reps,Intermediate
Barbell Overhead Press,"Deltoids (Anterior, Lateral, Posterior)",3-4 sets of 8-12 reps,Intermediate
Arnold Press,"Deltoids (Anterior, Lateral, Posterior)",3-4 sets of 10-12 reps,Intermediate
Lateral Raises,Deltoids (Lateral),3-4 sets of 10-15 reps,Beginner
Front Raises,Deltoids (Anterior),3-4 sets of 10-15 reps,Beginner
Rear Delt Flyes,Deltoids (Posterior),3-4 sets of 10-15 reps,Beginner
Upright Rows,"Deltoids (Lateral), Rhomboids, Trapezius",3-4 sets of 8-12 reps,Intermediate
Shrugs,Trapezius,3-4 sets of 10-15 reps,Beginner
Push Press,"Deltoids (Anterior, Lateral, Posterior)",3-4 sets of 6-8 reps,Advanced
Handstand Push-Ups,"Deltoids (Anterior, Lateral, Posterior)",3-4 sets of 6-8 reps,Advanced
Dragon Flags,"Obliques, Rectus abdominis",3-4 sets of 6-8 reps,Difficult
Hanging Leg Raises,"Hip Flexors, Obliques, Rectus abdominis",3-4 sets of 10-12 reps,Difficult
V-Sits,"Hip Flexors, Rectus abdominis",3-4 sets of 8-10 reps,Difficult
Plank with Arm Lifts,"Core, Shoulders",3-4 sets of 10-12 reps,Difficult
Swiss Ball Pike,"Hip Flexors, Rectus abdominis, Shoulders",3-4 sets of 8-10 reps,Difficult
Hanging Windshield Wipers,"Obliques, Rectus abdominis",3-4 sets of 6-8 reps,Difficult
L-Sit,"Hip Flexors, Rectus abdominis",3 sets of 10-15 seconds,Difficult
Russian Twists with Medicine Ball,Obliques,3-4 sets of 12-15 reps,Difficult
Hollow Body Hold,Core,3 sets of 30-60 seconds,Difficult
Plank with Bosu Ball,Core,3-4 sets of 30-60 seconds,Difficult
Squats,"Core, Glutes, Hamstrings, Quadriceps",3-4 sets of 8-12 reps,Intermediate
Lunges,"Glutes, Hamstrings, Quadriceps",3-4 sets of 10-12 reps,Intermediate
Deadlifts,"Glutes, Hamstrings, Lower Back",3-4 sets of 6-8 reps,Advanced
Bulgarian Split Squats,"Glutes, Hamstrings, Quadriceps",3-4 sets of 8-10 reps,Intermediate
Calf Raises,Calves,3-4 sets of 12-15 reps,Beginner
Leg Press,"Glutes, Hamstrings, Quadriceps",3-4 sets of 8-12 reps,Intermediate
Step-Ups,"Glutes, Hamstrings, Quadriceps",3-4 sets of 10-12 reps,Intermediate
Glute Bridge,"Core, Glutes, Hamstrings",3-4 sets of 10-12 reps,Beginner
Pistol Squats,"Glutes, Hamstrings, Quadriceps",3-4 sets of 6-8 reps,Advanced
Hamstring Curls,Hamstrings,3-4 sets of 10-12 reps,Intermediate
Sumo Squats,"Glutes, Hamstrings, Inner Thighs, Quadriceps",3-4 sets of 8-12 reps,Intermediate
Wall Sits,"Calves, Glutes, Quadriceps",3 sets of 30-60 seconds,Beginner
Box Jumps,"Calves, Glutes, Hamstrings, Quadriceps",3-4 sets of 8-10 reps,Intermediate
Single-Leg Deadlifts,"Core, Glutes, Hamstrings",3-4 sets of 8-10 reps,Intermediate
Sled Push/Pull,"Glutes, Hamstrings, Quadriceps",3-4 sets of 20-30 yards,Advanced
